id,name,price,accommodates,bedrooms,room_type,review_scores_rating,neighbourhood,number_of_reviews
1040823834837019844,Cronulla Beach House,$307.33,6,4.0,Entire home/apt,5.0,Sutherland Shire,2
44171766,A slice of Bali - entire private home,$211.50,2,1.0,Entire home/apt,4.71,Lane Cove,42
1511432392664492398,Brand New Cozy Haven on De Clambe Drive/2BR FreeP,$926.50,6,2.0,Entire home/apt,5.0,The Hills Shire,4
1242975171961286786,Peaceful 2 bedroom with private backyard and BBQ,,5,2.0,Entire home/apt,4.57,Waverley,7
1383707642297203150,Coogee coastal comfort | Relaxed coastal living,$331.70,2,1.0,Entire home/apt,4.5,Randwick,12
1201919821877546972,Studio 60 seconds to the sand,$319.67,2,1.0,Entire home/apt,4.78,Waverley,18
731529,Goldilocks Small Double Room,$92.67,2,,Private room,4.92,Warringah,78
1650436102714709943,The Heart of Dee Why,$110.50,2,1.0,Private room,5.0,Warringah,1
1704684364883531206,Budget C,$54.00,2,1.0,Private room,,Auburn,0
38609964,"Candy skies, water views - Art Deco Apartment!",$60.27,2,2.0,Private room,4.5,Sutherland Shire,2
1446901487871936415,Sunny Manly Escape | 2 min walk to beach,$395.05,5,2.0,Entire home/apt,4.92,Manly,26
1008447954162917551,"Yarrawee House, Bronte Beach by Cobbold & Co","$4,250.29",8,4.0,Entire home/apt,,Waverley,0
1707155952523390193,Central Bondi Garden Unit,$151.50,4,1.0,Entire home/apt,,Waverley,0
1286802098140451155,Burwood park rd single private room 2,$140.00,1,1.0,Private room,4.63,Burwood,8
1558502219565758040,Peaceful Surrey Hills apartment with roof terrace,$227.60,4,1.0,Entire home/apt,5.0,Sydney,2
1620675876561711552,Warm Marrickville 2BR | 5 Min Walk to Train,$417.00,6,2.0,Entire home/apt,4.86,Marrickville,7
18276926,The View by Palm Beach Holiday Rentals,"$2,029.67",10,5.0,Entire home/apt,,Pittwater,0
26383149,Large lovely house room in heart of Bondi Beach,,2,,Private room,4.67,Waverley,12
5435721,"1. ""Lavender Blue"" Ensuite With Access to Balcony",$117.00,2,,Private room,4.64,City Of Kogarah,180
1388790163928203693,Kutti Beach House,"$4,304.57",9,5.0,Entire home/apt,,Woollahra,0
43230898,Luxury City Apartment,,2,1.0,Entire home/apt,4.92,Sydney,184
50109056,Substantial family home with harbour views,,8,5.0,Entire home/apt,4.67,Manly,9
1637248892571054997,Spacious one bedroom apartment 150m to North Bondi,$213.63,2,1.0,Entire home/apt,5.0,Waverley,3
1603514795489175000,Stylish 1 Bedroom in Sydney CBD with Rooftop Pool!,$409.33,4,1.0,Entire home/apt,5.0,Sydney,5
29841395,Room 9 Peaceful Tranquillity Accommodation,$149.00,2,,Private room,4.66,Bankstown,62
1167653488008270583,Glebe Tranquil Retreat | 2BR & Parking,$313.00,4,2.0,Entire home/apt,4.53,Sydney,19
4709805,Relaxed Beachfront Living,$60.40,2,1.0,Entire home/apt,5.0,Warringah,6
1285403537470910437,Nice shared-room for females only,$40.89,3,1.0,Shared room,5.0,Willoughby,2
736817956970073380,Pristine 2-Bed Near Marrickville Village,$278.23,4,2.0,Entire home/apt,4.8,Marrickville,54
637107564406636145,Stylish & Fully Furnished One- Bedroom,$408.00,3,1.0,Entire home/apt,4.57,Canterbury,7
1242584592988319241,180 Degrees View of Olympic Park in Superb Locale,$376.59,5,3.0,Entire home/apt,5.0,Auburn,5
1536791431770794897,Master room/Ensuite/ Near Train Station/Airport,,3,1.0,Private room,4.8,Bankstown,25
1576438172903537691,Your Calm Corner in Lane Cove North,$458.00,5,2.0,Entire home/apt,3.67,Lane Cove,6
1282280747145826289,Quaint Double Room - Private Spot,$115.00,1,,Private room,4.33,Bankstown,9
1239386220244730002,Luxury 2 Level Private Room,$183.00,2,,Private room,4.67,Randwick,9
1701243521310123964,Light & Simple Single Room - Peakhurst Area,$80.50,1,1.0,Private room,,Hurstville,0
1278606444149256554,Broadway,$171.18,4,1.0,Entire home/apt,4.9,Sydney,80
53761564,Charming 2 bedroom apartment with Bridge views,,4,2.0,Entire home/apt,5.0,North Sydney,10
42696341,Beautiful and Cozy studio for Couplewho are travel,$86.29,2,,Entire home/apt,,Strathfield,0
745148978342564883,La CASA BONDI II,$342.36,4,2.0,Entire home/apt,5.0,Waverley,8
1306724511333625743,Rose Bay Haven,$80.96,2,1.0,Entire home/apt,4.5,Woollahra,2
15092541,Vintage Inspired Decor | Peaceful Studio Apartment,$231.50,2,,Entire home/apt,4.86,Sydney,459
1345187938410196129,Trendy Studio Apartment in Prime,$176.71,2,1.0,Private room,5.0,Parramatta,3
776934403044045692,Beach View Curl Curl - House with Pool & Views,"$1,704.54",12,4.0,Entire home/apt,4.87,Warringah,23
41538473,Second bedroom close to Macquarie University,$20.52,1,,Private room,,Ryde,0
725109427251790186,"3 b/r Unit with pool, gym& jaccuzi(+1parking 50pw)",$278.57,4,3.0,Entire home/apt,5.0,Ryde,1
981719515630206908,Spacious Studio with Garden close 2train&Westfield,$261.00,4,,Private room,4.6,Hornsby,35
1198051293701623179,"Modern, convenient Bondi pad",$359.00,2,1.0,Entire home/apt,4.91,Waverley,44
1559767056016022158,Z-SYD Zetland 2BR 228 Apt Close to CBD & Airport,,4,2.0,Entire home/apt,4.33,Sydney,3
597052372272812789,"Luxe Retreat - Pool, Spa, Sauna, Gym & Cinema","$3,557.80",14,6.0,Entire home/apt,5.0,Waverley,16
1488310086566488640,Cozy Double Room Chippendale Shared Spaces,$203.00,2,,Private room,2.0,Sydney,2
1434764055234730596,'Nomadic' ·2BR Apt in Burwood near OlympicPark/CBD,$318.00,4,2.0,Entire home/apt,5.0,Burwood,40
52534602,Neighbourhood By TWT - The Divinyls Heritage Apt,$225.00,2,1.0,Entire home/apt,4.79,Waverley,141
1211139540439480552,Clovelly Villa,"$2,417.71",7,4.0,Entire home/apt,,Randwick,0
613260661679644653,Beautiful 5 bedroom home with Sydney Harbour views,,8,5.0,Entire home/apt,4.89,Manly,38
974683454129735019,North Bondi Poolside ~4 bedrooms ~Pool ~ Parking,"$3,159.00",7,4.0,Entire home/apt,,Waverley,0
1108979094160029490,Spacious Inner West apartment with terrace,$254.14,2,1.0,Entire home/apt,4.81,Marrickville,16
1358619229985008207,Room 4 in Hurstville,,2,,Private room,4.0,City Of Kogarah,3
1292251689744634670,Neutral Bay Studio | Relaxed living x harbour view,,2,1.0,Entire home/apt,3.67,North Sydney,6
1173529788511238371,Meadowview Haven,$136.32,4,2.0,Entire home/apt,4.93,Ryde,14
995158061657395151,Fairlight Beach House,$829.78,8,5.0,Entire home/apt,,Manly,0
1394481190279349201,"Nordic Serenity, North Bondi ISYD -2 mins to Beach",,4,2.0,Entire home/apt,5.0,Waverley,2
1648837132553606837,"Bondi Junction Apt | Shops, Transport & Beach",$273.00,4,1.0,Entire home/apt,5.0,Waverley,10
1524893642799189215,Maroota Ridge Cabins - 5,$220.00,2,1.0,Entire home/apt,,The Hills Shire,0
1565241515037284955,burwood central  quiet Queen bed（share bathroom）,$94.00,2,1.0,Private room,,Burwood,0
651539387957236549,Bright Home in Trendy Newtown close to the Park,$661.00,6,3.0,Entire home/apt,4.91,Sydney,34
29641938,"Small but Clean & neat, your home while you travel",$16.99,2,,Private room,4.0,Blacktown,1
1597408357671394669,Eastgardens 2BR/2BA | 2 Parking + Shops,$320.50,6,2.0,Entire home/apt,4.56,Botany Bay,9
976570546906830485,"Sydney Rd Manly,  Walk to Beach, Shops and Cafes",$394.00,3,1.0,Entire home/apt,4.87,Manly,79
1622071182868334088,Cockatoo Epping | Rooftop Terrace| Walk to Station,$334.00,4,1.0,Entire home/apt,5.0,Hornsby,7
1340151762008860468,Sunny Maroubra Beach Pad,$187.16,2,1.0,Private room,,Randwick,0
1119360112142620217,Luxury Private Bedroom with pool,$108.50,2,1.0,Private room,4.67,Auburn,60
935432366248313524,HolidayRento Bondi Rooftop Pool & Oceanview Studio,$409.50,2,1.0,Entire home/apt,4.75,Waverley,40
39139649,Entire Local Unit for Holiday,$276.99,2,1.0,Entire home/apt,,Sydney,0
1111206992396937849,Saint Mary - Luxury Home Close to RPA,,6,3.0,Entire home/apt,4.95,Marrickville,38
1460025820927801591,Spacious art deco apartment,,2,1.0,Entire home/apt,,Woollahra,0
1077115987961102452,Werrington County Hideaway,$471.43,6,3.0,Entire home/apt,4.67,Penrith,3
46590774,Modern Studio in Darlington - Sydney,,2,1.0,Entire home/apt,4.6,Sydney,81
1561248763637325353,"House in Chatswood Comfortable, Excellent value",$296.50,7,4.0,Entire home/apt,4.71,Willoughby,7
49838998,Bondi Luxury Apartment with Views and Parking,"$1,124.67",6,3.0,Entire home/apt,5.0,Waverley,27
1573536206184492430,Waterloo Broome | Bright 2 Bed 2 Bath Gem,$217.00,4,2.0,Entire home/apt,,Sydney,0
32138628,Compact Double - Hotel Challis Potts Point,$164.70,2,,Hotel room,4.52,Sydney,783
17547955,Breathtaking Views. Amazing Location.,,5,2.0,Entire home/apt,4.96,Waverley,84
1496174758238112123,Olympic Park | Resort Style Apt with Gym & Pool!,$417.00,3,1.0,Entire home/apt,4.89,Auburn,18
1563527722561981679,"The Tree House, Cottage Point - Back to Nature",,10,5.0,Entire home/apt,4.43,Warringah,7
1377198810500714067,Rosebery Delight,,2,1.0,Entire home/apt,5.0,Sydney,3
1363421305945632027,Brand New 3BR Holiday House in Hornsby,$502.12,4,3.0,Entire home/apt,5.0,Hornsby,2
1282113745157012755,Coogee Cabanita—Charming Coastal Comfort,$326.80,4,2.0,Entire home/apt,4.65,Randwick,20
1542390435347269461,Kensington Double Room - Central & Affordable,$123.82,2,1.0,Private room,4.42,Randwick,12
1573108204382648763,Zetland Modern & Spacious 1BR Near East Village,$135.43,2,1.0,Entire home/apt,4.33,Sydney,3
4787478,Park & Skyline Views – Harbourside Apt Near CBD,$417.44,4,2.0,Entire home/apt,4.9,Woollahra,257
1220849427622830119,castle hill， 舒适小旅馆。,$336.50,4,1.0,Entire home/apt,4.88,The Hills Shire,17
1221544629241705479,5 star at manly,$228.24,2,1.0,Entire home/apt,4.76,Manly,34
1548209244242542610,5 mins to Central Sydney Lord Raglan Hotel,$91.29,2,1.0,Private room,4.5,Sydney,28
1091436401671802847,In the Heart of Potts Point,$179.75,2,1.0,Entire home/apt,4.77,Sydney,57
929387913564014960,Luxury home (Parties not permitted),$392.00,7,2.0,Entire home/apt,4.79,Sydney,67
620549763498805913,UNIT 211 - FULLY EQUIPPED STUDIO WITH FREE WIFI,$194.75,2,1.0,Entire home/apt,4.46,Strathfield,28
898161744924980948,Darlinghurst One-Bedder,$396.00,2,1.0,Entire home/apt,4.67,Sydney,21
1496152278113581064,"Family Room (1 Bedroom) - El Toro Motel, SW Sydney",$149.00,4,1.0,Private room,4.53,Liverpool,40
1583208145360356703,Contemporary One-Bed Living in Redfern/Surry Hills,$246.50,2,1.0,Entire home/apt,4.92,Sydney,12
48331687,"Spacious, renovated apartment in great location",$132.93,6,3.0,Entire home/apt,,Rockdale,0
1652523152690521660,Waterloo 4 bedroom house Free street parking,$560.00,8,4.0,Entire home/apt,,Sydney,0
774503475861761401,Hornsby Furnished Apartments - Long Stay 2 Bedroom,,5,2.0,Entire home/apt,4.0,Hornsby,2
12503272,Close to Olympic Park & Strathfield,$23.38,1,,Private room,4.84,Strathfield,32
1522178979896117654,"Spacious Abode | Convenient, close to train, shops",$639.00,6,3.0,Entire home/apt,5.0,Ku-Ring-Gai,1
40664135,New to Airbnb Bondi renovated calm haven,$190.59,4,2.0,Entire home/apt,,Waverley,0
48112737,Studio in handy and quiet location － (self entry),$160.00,2,,Entire home/apt,4.83,Canada Bay,116
1388714529581020571,"Fabulous 2 Bedroom house, Aircon, Parking & Garden",$306.50,4,2.0,Entire home/apt,5.0,Penrith,7
17943638,"Bondi Beach, Relax/Explore or New Year in Sydney!",$683.86,6,3.0,Entire home/apt,4.9,Waverley,21
1546331855760193961,Chatswood | Next to Westfield & close to Metro!,$282.00,4,1.0,Entire home/apt,5.0,Willoughby,4
1677804273811412107,Sydney Olympic park Event HubFree ParkingFast WiFi,$263.00,4,2.0,Entire home/apt,,Auburn,0
1167229920278106554,5BR Penrith CBD House | Sleeps 12 | Group Stay,$599.00,12,5.0,Entire home/apt,4.8,Penrith,20
40297289,Pacific Views Bondi,$125.53,3,,Entire home/apt,4.82,Waverley,245
1687011711928787382,quiet queen room（share bathroom）,$96.00,2,1.0,Private room,,Canada Bay,0
1039657429966570731,Whale Beach Cottage,$384.73,4,2.0,Entire home/apt,4.86,Pittwater,7
39659129,"Comfortable, Newly Renovated, Private Double Room",$110.00,2,,Private room,4.76,Auburn,117
1220860654674628836,"Family friendly house (walk to rail, parking)",$626.00,6,3.0,Entire home/apt,5.0,Willoughby,5
1239563027871371135,Luxurious 5Bed Sydney Escape w/Pool & Scenic Views,,13,5.0,Entire home/apt,5.0,Warringah,5
1481609132410806866,Private Double Room Steps from UNSW & Light Rail,$106.00,2,,Private room,4.33,Randwick,15
1696017295698001531,优质一居室｜500米到达轻轨站｜近悉尼大学,$161.40,2,1.0,Entire home/apt,,Sydney,0
1126443209213564501,The James Bond of Sydney Harbour,"$15,406.00",8,4.0,Entire home/apt,,Sydney,0
1077184856559514356,*新上2室房源 */普通民宅的价格让你享有魅力泳池桑拿健身于一体的水景民宿 Rhodes,,4,2.0,Entire home/apt,4.82,Canada Bay,39
991875922536255072,Queen Bed - Quiet Location - 2 MIN walk to station,$104.86,3,,Private room,5.0,Ryde,8
1257804644886898932,Apt city views iconic location with parking,$416.00,2,1.0,Entire home/apt,4.97,Sydney,73
40450381,Rainforest Retreat: PID-STRA-1986-3,$228.67,2,1.0,Entire home/apt,4.96,Leichhardt,187
1491009716934169442,Wagyu Studio,$178.33,2,1.0,Entire home/apt,5.0,Sydney,6
16354049,"Quaint 1 Bedroom Unit, Wanda Beach",$221.00,3,1.0,Entire home/apt,4.67,Sutherland Shire,72
33841425,"Neat & Clean Accommodation,  very close to pub trn",$37.12,2,,Private room,,Blacktown,0
1662666795889395594,Modern Double Room | Near Station & Easy M2/M7,$101.00,2,1.0,Private room,3.5,Blacktown,2
1069348675081295932,North Newtown Design Haven - 3 night min. stay,$112.70,2,1.0,Entire home/apt,,Sydney,0
1544388096326693584,500m to Bondi Beach,$426.00,2,1.0,Entire home/apt,4.5,Waverley,4
1439670561758453750,Carino Cottage,$142.00,2,1.0,Entire home/apt,4.94,Hornsby,18
687061339727999248,'Sea Glass': Manly apartment near beaches & ferry,$216.82,2,1.0,Entire home/apt,5.0,Manly,73
907039855631321102,Light Filled House in Enmore,$425.50,4,2.0,Entire home/apt,4.94,Marrickville,115
1417826709940360479,A cozy leafy house in Baulkham Hills,$66.76,2,,Private room,4.0,The Hills Shire,1
816223317076648257,Beach Pad- Ocean views from beachfront block,$233.48,5,2.0,Entire home/apt,4.76,Warringah,55
974830662224601472,A Comfy Studio for 6 Next to Darling Harbour,$336.70,6,,Entire home/apt,4.33,Sydney,33
1632146687484694730,Grom's,$257.00,2,1.0,Entire home/apt,5.0,Mosman,1
1686119251062978348,Mascot阳光轻奢双卧公寓｜近火车站＆机场｜生活交通便利,$185.71,4,2.0,Entire home/apt,,Botany Bay,0
548749381765316384,Cosy Hotel Room,$330.00,2,1.0,Private room,4.71,Woollahra,35
31032881,Beachfront paradise retreat - Apt. 5,$270.33,2,1.0,Entire home/apt,4.86,Warringah,36
1469529865244231651,Urban Retreat Close to CBD with Gym and Pool,$329.00,4,2.0,Entire home/apt,4.57,Sydney,7
1130090615781437723,Guest suite with own entrance.,$175.50,2,,Private room,4.91,Canada Bay,11
795517426496568590,Hornsby Furnished Apartments - 1 Bedroom Long Stay,$135.66,3,1.0,Entire home/apt,4.83,Hornsby,6
1559153087663622090,Sunny Mid-Century Modern Apartment * Ocean Views,$370.76,4,2.0,Entire home/apt,5.0,Waverley,1
1579645641128886481,Above the Park · Harbour & City View Stay,$246.49,7,3.0,Entire home/apt,4.89,Auburn,27
52523044,Allure on the Beach,,6,3.0,Entire home/apt,5.0,Warringah,24
39842734,Whale Beach Hideaway,,8,4.0,Entire home/apt,4.7,Pittwater,10
1659057599174024628,Your Ultimate Family Coastal Escape in Manly,$500.28,8,4.0,Entire home/apt,,Warringah,0
40161578,Lil escape in Western Plains,$87.43,2,2.0,Private room,,Blacktown,0
1673677600908955601,300米至火车站，分租公寓，次卧出租,$123.86,2,1.0,Private room,,Sydney,0
21282210,Lake House,$244.03,10,5.0,Entire home/apt,,Warringah,0
943302649620976815,Villa Kito of Freshwater Beach,,6,3.0,Entire home/apt,5.0,Warringah,4
1702629547925849378,Sun-drenched studio with stunning harbour views,$285.30,2,1.0,Entire home/apt,,North Sydney,0
1480388357170783905,Modern/Stylish 2BR in Surry Hills 110m2 • Balcony,$419.00,6,2.0,Entire home/apt,4.93,Sydney,55
50039251,Charming Sun-filled Cottage 3br Close to Amenities,,6,3.0,Entire home/apt,4.98,Hurstville,155
1661248438391372603,Great Views & Location - Close to CBD & transport,$487.00,2,1.0,Entire home/apt,,North Sydney,0
31646383,Serene Pittwater Views- Home & Away Stay Apartment,$231.00,3,1.0,Entire home/apt,4.75,Pittwater,170
23831539,Breathtaking View in Prime Spot at Darling Harbour,,2,1.0,Entire home/apt,4.88,Sydney,149
1177134716734273232,2. Great Surry hills terrace room,$143.79,2,,Private room,4.73,Sydney,62
40010335,Luxury House Like Lower Duplex with Gardens,$981.60,6,3.0,Entire home/apt,,Warringah,0
874327786241772580,KozyGuru | Health & Wealth City Adobe |2Bed Studio,$286.00,4,,Entire home/apt,4.61,Sydney,165
1282918403568796558,Serenity home  in the heart of city,$378.00,6,2.0,Entire home/apt,4.82,Sydney,45
1210594526202732599,Family home with pool and views,,8,4.0,Entire home/apt,5.0,Warringah,1
955946713052618876,Coastal Calm Apartment | 1BR | Walk to Beach,$605.00,2,1.0,Entire home/apt,,Waverley,0
1053388822981852381,Extra Spacious Family Apartment - Location & Views,"$1,045.89",8,4.0,Entire home/apt,4.29,Woollahra,7
1467959174023221511,Manly Wharf Waterfront 1BR | Harbour Views & Gym,$406.00,2,1.0,Entire home/apt,5.0,Manly,38
1190116625880257639,Waterfront Cottage - Marramarra House,$628.00,2,1.0,Entire home/apt,5.0,Hornsby,6
16044611,Premium Couples retreat  - Historical Stone House,$370.00,2,1.0,Entire home/apt,4.96,North Sydney,52
1251747525589098757,Clovelly coastal comfort | Beachside retreat,$437.00,4,2.0,Entire home/apt,4.75,Randwick,8
598862757240729880,Terrace Home,$514.00,4,2.0,Entire home/apt,4.83,Waverley,6
1578634782447882616,"Beach View - Balmoral  Beach, Mosman",$407.29,5,2.0,Entire home/apt,5.0,Mosman,2
24296672,Ultimo apartment with that terrace feel,$542.50,6,3.0,Entire home/apt,4.86,Sydney,139
1216199603444678446,Stylish Balmain workers cottage,$399.67,4,2.0,Entire home/apt,4.93,Leichhardt,40
917575230897221940,Charming & Cozy 2BR Cottage,$453.67,4,2.0,Entire home/apt,5.0,Blacktown,24
1640471255182897471,rooms in Cabramatta,$71.50,2,1.0,Private room,5.0,Fairfield,2
1187282627066774291,Gorgeous one bedroom apartment,$171.25,2,1.0,Entire home/apt,4.62,Rockdale,34
1179177497677764346,Spectacular Apartment with Harbour Bridge Views!,$444.00,4,1.0,Entire home/apt,4.91,Sydney,77
1157096672392160034,Home with first row stunning waterview @inner west,$545.50,4,2.0,Entire home/apt,4.82,Canada Bay,11
1569871252215616175,Modern Apt with harbour view and great location,,5,2.0,Entire home/apt,4.94,North Sydney,17
54124440,Sunlit apartment walking distance to cafes & beach,$376.00,4,2.0,Entire home/apt,4.84,Sutherland Shire,43
641560690231143061,Sunny Spacious Suite + Spa + Pool (close to Manly),,2,1.0,Entire home/apt,4.85,Warringah,20
857619113998394097,THE BONDI ~ A Beachfront Delight,$483.00,4,2.0,Entire home/apt,4.84,Waverley,79
1237575760455959522,Sydney 4 bedhouse cls OlympicPark fast WiFi 2 bath,$360.50,8,4.0,Entire home/apt,5.0,Auburn,25
1484366607281892256,Discover Lambeth Walk Beach Home,$581.00,10,4.0,Entire home/apt,4.75,Sutherland Shire,8
14187148,Beach Flat for rent,$94.62,2,,Private room,,Warringah,0
1568486847152639162,Burwood room with ensuite. 3 min walk from station,$128.00,2,1.0,Private room,5.0,Burwood,13
1511252869438820464,MT5 Spacious w/ Balcony 3 min to CBD • Winter Rate,$184.14,2,1.0,Private room,4.75,Sydney,28
1565436798921356695,Garigal Studio 1br Unit with Pool Access,$225.00,2,1.0,Entire home/apt,5.0,Warringah,12
1634518032463079962,Classic Queen Room- Explore Maroubra&Coastal Walks,$109.00,2,1.0,Private room,4.0,Randwick,7
36568806,Luxe Three Bedroom Apartment in the Heart Sydney,$804.00,7,3.0,Entire home/apt,4.77,Sydney,61
1642330054392819104,2BR Home Near To Darling Harbour & Transit,$381.00,5,2.0,Entire home/apt,4.75,Sydney,12
1401511237912733050,Cozy 1 Bedroom Apartment in the Heart of Macquarie,$272.00,4,1.0,Entire home/apt,5.0,Ryde,1
975352790029135251,Quaint 3-Bed Heritage Home in the Heart of Sydney,$430.36,6,3.0,Entire home/apt,4.51,Sydney,35
1146568286400974092,Mansion close to everything,,12,6.0,Entire home/apt,,Randwick,0
1265589444984671702,Comfort & Classic in Crows Nest,$519.00,4,2.0,Entire home/apt,4.72,North Sydney,46
47736571,Sydney City Circular Quay The Perfect Location,$300.00,4,1.0,Entire home/apt,4.9,Sydney,72
972300796865959071,Vibe - Coogee escape,$68.47,1,,Private room,4.82,Randwick,39
40454866,Bondi Blue,$832.00,6,3.0,Entire home/apt,4.56,Waverley,32
1553271338567929183,Beach Holiday Home away from Home!,$120.00,2,2.0,Private room,5.0,Warringah,12
1672409254763896268,Modern Harbour Retreat · Views · Design · Comfort,$387.00,3,1.0,Entire home/apt,5.0,Sydney,4
4371723,"Chatswood House-2 bedrooms, EASY access to city",$54.97,3,2.0,Entire home/apt,5.0,Willoughby,2
1035713987051805759,Spa Serenity Cottage with Private Pool & Spa,$295.85,2,,Entire home/apt,4.89,Manly,291
1533264241446906585,Top of Boyd 6,$441.50,12,6.0,Entire home/apt,4.14,Fairfield,7
43964993,Spacious Lofty Loft by Sydney Dreams,$252.67,2,1.0,Entire home/apt,4.79,Waverley,113
572763750712571983,"1min walk to shops, 7min to CBD-Relaxing 2bedrooms",$305.84,4,2.0,Entire home/apt,4.8,Randwick,45
1520771610643178082,Easy Beach Access from Tranquil Retreat,$381.00,4,2.0,Entire home/apt,4.8,Warringah,5
1585436004760790695,Huge Charming House Spacious at Bankstown.,$585.00,14,6.0,Entire home/apt,5.0,Bankstown,4
8342986,3 storey house in ❤️of Surry Hills,$284.69,5,2.0,Entire home/apt,,Sydney,0
24138024,Queen Room with Modern Fittings close to Airport,$215.00,2,2.0,Private room,4.96,Botany Bay,26
1670249991231657264,3BR Westfield Month Stay Home,$162.62,7,3.0,Entire home/apt,,Parramatta,0
1212207995335212186,"Ultra convenient, private balcony and view",,1,,Private room,4.8,Sydney,5
1669162496133826202,Comfortable private room in a friendly shared home,$130.75,1,1.0,Private room,5.0,Marrickville,2
745764753099496503,Spacious and Stylish apartment with parking,$279.50,6,2.0,Entire home/apt,4.73,Hornsby,67
30025552,PERFECTION PERSONIFIED- An entertainer's delight,"$1,203.10",6,3.0,Entire home/apt,,Woollahra,0
1579305923790507281,New built - Comfortable cottage,$239.08,4,2.0,Entire home/apt,4.71,Fairfield,14
1379429221359639212,Best in MQ 2BR Apt + study/pool/parking/Metro,$337.14,4,2.0,Entire home/apt,4.97,Ryde,31
708252370830967113,Stylish Studio in Maroubra,$164.50,2,1.0,Entire home/apt,4.96,Randwick,220
1657798409136660631,Marsden Park 2 level brand new house,$383.00,8,4.0,Entire home/apt,5.0,Blacktown,2
789440570393201486,Modern & Peaceful Family home,$471.31,8,4.0,Entire home/apt,4.42,Parramatta,12
722237761357500270,"Stunning 2-bedroom condo with large, private deck",,4,2.0,Entire home/apt,5.0,Manly,3
52228468,Spacious 4BR Straithfield house close 2 airport,$479.00,10,4.0,Entire home/apt,4.67,Strathfield,94
53497178,Freshwater Hideaway - Oasis by beach,$647.00,6,2.0,Entire home/apt,5.0,Warringah,47
1252740051050689913,Warm Bondi Loft Stay Steps to Beach & Cafés,$451.50,5,2.0,Entire home/apt,5.0,Waverley,7
1059734382829290706,Room in Newport with double bed,$166.00,2,,Private room,4.93,Pittwater,29
40632066,"Citadines Connect Sydney Airport,Business Class Rm",$202.00,2,1.0,Private room,3.25,Botany Bay,4
24288428,Spacious 1 Bedrm Aptmnt - Darling Harbor 18w,$78.18,2,1.0,Entire home/apt,5.0,Sydney,2
995408752796510119,KozyGuru | Haymarket | Modern 1 Apt Best Location,$277.00,4,1.0,Entire home/apt,4.49,Sydney,83
1551121391330846403,"Luxe 4BR Family Haven • Near Metro, Shops & Parks.",$362.50,9,4.0,Entire home/apt,4.25,The Hills Shire,4
22438112,Lakeside Twin Share: tranquil setting  great walks,$163.00,2,,Private room,4.83,Camden,35
1308371868792260789,Coastal Bondi Apartment,$319.60,2,1.0,Entire home/apt,,Waverley,0
1076420389774722329,Comfy Double Room - Nearby Station & Olympic Park,$109.00,1,,Private room,4.35,Auburn,23
1540974385897460446,Stylish New York loft style apartment,$251.20,2,1.0,Entire home/apt,5.0,Sydney,4
573981607839729209,Private Freshwater beach get away,$227.09,3,1.0,Entire home/apt,4.9,Warringah,78
1573490873145519507,Circular Quay Retreat | Panoramic Harbour Views,,4,2.0,Entire home/apt,,Sydney,0
1478516444350497011,StayToday Hostel Deluxe Room,$160.00,4,1.0,Private room,4.38,Leichhardt,8
1476708236989190164,Banksia Boathouse,$428.00,2,1.0,Entire home/apt,5.0,Hornsby,60
1597313320765759386,Home Dangar Island: Lorikeet Lodge + Pelican Nest,$195.71,5,2.0,Entire home/apt,5.0,Hornsby,5
1527380510081488993,2 Separate Rooms | Private Shower/Toilet,$115.00,5,2.0,Private room,5.0,Campbelltown,9
6277850,Best position views from Randwick to Coogee Beach,$406.98,7,4.0,Entire home/apt,4.93,Randwick,15
1316357712264357641,1 Bedroom Apartment w/balcony,$272.00,2,1.0,Entire home/apt,5.0,Botany Bay,4
1553091432480155783,Coastal Escape Short Walk To Dee Why Beach,$238.51,4,2.0,Entire home/apt,4.56,Warringah,9
47456917,"The Brooklyn, in the heart of Brooklyn, NSW",,3,,Entire home/apt,4.96,Hornsby,118
1519697759368759710,"3 King-single beds, 1 room & super convenient",$190.33,3,1.0,Private room,,Rockdale,0
1364872668559351987,Cosy 1bed in the heart of Surry Hills,$291.50,2,1.0,Entire home/apt,4.82,Sydney,11
921144552285090936,Artist’s studio loft,$205.50,2,1.0,Entire home/apt,4.84,Hunters Hill,64
1314197898873911613,Waterloo 2Br Modern Apartment Nature Park,$437.00,5,2.0,Entire home/apt,4.72,Sydney,69
1012394145299111073,The Sanctuary,$770.50,6,3.0,Entire home/apt,5.0,Pittwater,22
1547564477897841061,Stylish 2BR Next to Parramatta Station,$435.00,4,2.0,Entire home/apt,5.0,Parramatta,8
1700485714761133278,Peaceful Haven in Bondi,$569.68,5,3.0,Entire home/apt,,Waverley,0
1503407036721503106,Budget Twin Room in Belmore - Convenient Stay,$116.00,2,1.0,Private room,4.18,Canterbury,11
1107896234066289481,KozyGuru | Haymarket | Chic City Studio,$268.00,2,,Entire home/apt,4.66,Sydney,59
1457096414268970904,"Luxury 3BR Family Home With Rooftop, Garden & BBQ",$733.00,6,3.0,Entire home/apt,5.0,Sydney,27
39977387,Polished terrace in the very heart of Darlinghurst,,5,2.0,Entire home/apt,4.97,Sydney,227
1485412965595134607,Discover Jackson’s Cottage.,$174.00,2,,Entire home/apt,4.58,Sutherland Shire,12
1103762603609216947,Coastal Charm 2 bedrooms: Near Shore,,4,2.0,Entire home/apt,,Woollahra,0
1643155138056062658,Elegant 7BR Family Retreat Sleeps 14,$797.80,14,7.0,Entire home/apt,,Camden,0
1570159612890047531,Rhodes  2B2B Walker St | City & Water Views,$151.71,4,2.0,Entire home/apt,,Canada Bay,0
775054031914051575,New stylish  Townhouse in Burwood,$733.43,10,4.0,Entire home/apt,4.87,Burwood,101
978606917463075211,Parkview Retreat,$211.00,4,2.0,Entire home/apt,4.75,Parramatta,16
1698284053417345498,Kensington Retreat,$348.50,4,1.0,Entire home/apt,,Randwick,0
1122597896320071273,Arncliffe Airport Retreat - quiet elegant and calm,$171.00,2,,Private room,4.97,Rockdale,79
1696361831367863139,Renovated split-level apartment | Alexandria,$280.00,4,2.0,Entire home/apt,,Sydney,0
1519317217395389847,Sydney QVB｜Twilight 3 Bedroom Penthouse with Green,$809.00,7,3.0,Entire home/apt,4.67,Sydney,18
1273866909183372697,2 mins to Train Station(Parties not permitted),$371.00,6,2.0,Entire home/apt,4.79,Botany Bay,48
1351056771345185050,Self‑Contained Veriu Suite for Extended Stays,$232.21,2,1.0,Private room,4.79,Ryde,19
1206174332906293014,How Big Is Your Group?,$303.77,16,14.0,Entire home/apt,4.33,Fairfield,6
1575020107323331195,Luxury Tamarama Sky House,,8,4.0,Entire home/apt,5.0,Waverley,1
716058174122951465,Stylish 1 Bedroom Apartment in Barangaroo,$338.50,2,1.0,Entire home/apt,4.61,Sydney,88
1236828845990619960,"Quiet Tranquil Holiday Home 7 Beds, 4 Bedrooms","$1,862.43",7,4.0,Entire home/apt,,Waverley,0
1454879673988402715,"Tewkesbury Courtyard, Darlinghurst I90",,7,4.0,Entire home/apt,,Sydney,0
829992592228153623,Elegant attic room in Darlington with leafy view,$146.25,1,,Private room,4.99,Sydney,72
789364819688753946,超大豪华单间 close to Sydney Olympic Park,$69.00,1,,Private room,4.43,Canada Bay,104
1608365305674628994,"Modern Home Oasis, Steps from King St & Enmore Rd",$637.33,6,3.0,Entire home/apt,,Marrickville,0
703823452406001407,"Bondi Beach - 2 BR, 1 Bath Apartment",$756.50,4,2.0,Entire home/apt,4.8,Waverley,25
1378814436114637050,近MQ 大学 宁静阳光大房 独立阳台 独立卫生间 步行到火车站,$30.88,2,,Private room,5.0,Parramatta,2
16133658,"Split level home in leafy area, near North Sydney",$329.80,3,2.0,Entire home/apt,4.88,Lane Cove,17
16417975,"Clean, modern and cosy",$227.30,2,1.0,Entire home/apt,,Woollahra,0
1092091965254164105,Denham Court 4Br with Central AC & WiFi near Coles,$378.00,10,4.0,Entire home/apt,4.81,Campbelltown,47
889275872046467815,Location & Style,$120.00,2,,Private room,5.0,Randwick,8
1177343000609448831,2 Bed 2 Bath in Darling Harbour,,4,2.0,Entire home/apt,4.71,Sydney,7
1217911415882602890,Apartment 2 Bedroom in CBD Bankstown,$320.00,5,2.0,Entire home/apt,4.94,Bankstown,66
804084552369782519,"A Great choice*3 Bedrooms,free dryer (granny flat)",$361.67,8,3.0,Entire home/apt,4.94,Fairfield,18
775781152137066823,Luxury Waterside Home,"$1,485.24",12,4.0,Entire home/apt,4.97,City Of Kogarah,34
19283035,Spacious Studio Surrounded By Great Views,$198.00,3,1.0,Entire home/apt,4.8,North Sydney,265
1551010830525892676,Sydney City Stylish Retreat,$295.00,2,1.0,Entire home/apt,4.97,Sydney,29
1623437553780483616,Sydney Marsden Park 5 bedrooms House close IKEA,$579.72,10,5.0,Entire home/apt,,Blacktown,0
998996524147164097,Modern Private Studio in Sydney CBD,$278.50,2,1.0,Entire home/apt,4.95,Sydney,37
1561550077807693311,Liverpool CBD Modern 2BR Stay,$204.00,5,2.0,Entire home/apt,4.39,Liverpool,23
1514874683234272318,A Private bedroom,$120.00,2,1.0,Private room,4.79,Marrickville,34
1330092820439625224,Camperdown Cozy Corner 3,$490.00,6,2.0,Entire home/apt,4.9,Sydney,42
1093034736449457120,"Comfy, leafy Kirrawee in Sth Syd 6km to Cronulla",$88.50,1,1.0,Private room,4.98,Sutherland Shire,60
1471417071578589621,Marsfield townhouse on the park,$294.71,5,3.0,Entire home/apt,3.0,Ryde,2
1572002784349678591,Large flat/studio with Lounge + Ensuite + 2 Beds,$132.50,4,1.0,Private room,5.0,Ku-Ring-Gai,1
5163979,RESORT STYLE BY THE BAY,$149.00,2,,Private room,4.91,Sydney,582
1695569349290275845,Neutral bay -One bed Flat with iconic skyline view,$181.00,1,1.0,Entire home/apt,,North Sydney,0
42126020,Beautiful Double bed room in leafy garden Beecroft,$68.67,2,,Private room,4.67,Hornsby,6
1535982410345108539,Anam by the Sea | Beach & Royal National Park,$216.00,2,1.0,Entire home/apt,5.0,Sutherland Shire,31
35912406,Single bed room in a friendly environment.,,1,,Private room,4.88,Warringah,139
41719398,UndraA,$33.40,1,1.0,Private room,5.0,Canterbury,1
